date,cpi_value,year_month,RPI,Percent Change,avg_price_per_unit,num_drugs,year_month_dt
2020-01,538.154,2020-01,17999.946,0.9746211869624766,1.822094074074074,191,2020-01-01
2020-02,535.548,2020-02,18077.882,0.4329790767150232,0.7677293596059114,184,2020-02-01
2020-03,533.885,2020-03,17829.921,-1.3716263885338087,0.7448154679802956,184,2020-03-01
2020-04,533.767,2020-04,19985.052,12.087159556119186,0.6382253439153439,182,2020-04-01
2020-05,533.325,2020-05,19138.808,-4.234384779183953,0.7078054146341464,182,2020-05-01
2020-06,533.46,2020-06,19132.418,-0.0333876592523374,0.7205737967914438,181,2020-06-01
2020-07,533.551,2020-07,19315.344,0.9561049732448756,0.9322650802139038,183,2020-07-01
2020-08,534.254,2020-08,18687.291,-3.2515755349736497,0.6368311282051282,182,2020-08-01
2020-09,529.966,2020-09,18807.121,0.6412379408015756,0.9910715165876777,188,2020-09-01
2020-10,527.649,2020-10,18795.411,-0.0622636500291484,0.9829541538461539,188,2020-10-01
2020-11,526.167,2020-11,18640.614,-0.8235893325237664,0.7103218090452261,184,2020-11-01
2020-12,525.244,2020-12,18677.122,0.1958519177533313,0.552495024875622,180,2020-12-01
2021-01,525.434,2021-01,20562.164,10.09278624404768,1.9809258291457288,195,2021-01-01
2021-02,521.231,2021-02,19073.36,-7.24050250742091,0.6674569950738917,186,2021-02-01
2021-03,521.375,2021-03,22918.422,20.159332178493973,0.613727427184466,184,2021-03-01
2021-04,523.876,2021-04,19859.6,-13.346564610774692,0.5203339267015706,185,2021-04-01
2021-05,522.116,2021-05,19385.541,-2.3870521057825833,0.6329431313131313,182,2021-05-01
2021-06,519.861,2021-06,19316.247,-0.3574519792870489,0.6164714851485149,182,2021-06-01
2021-07,519.957,2021-07,19435.463,0.6171799314846238,0.6191013684210527,184,2021-07-01
2021-08,519.729,2021-08,19407.737,-0.1426567507035958,0.7762604830917875,182,2021-08-01
2021-09,521.506,2021-09,19234.211,-0.8941073346160899,0.484575707070707,182,2021-09-01
2021-10,523.862,2021-10,19258.34,0.125448348258228,1.2768377339901478,187,2021-10-01
2021-11,524.509,2021-11,19227.878,-0.1581756267674094,0.4829737837837838,181,2021-11-01
2021-12,525.251,2021-12,19170.498,-0.2984208657866527,0.5618172,181,2021-12-01
2022-01,532.044,2022-01,19062.795,-0.5618163909983043,1.6057835858585858,191,2022-01-01
2022-02,533.592,2022-02,19079.074,0.0853967112377951,0.4317759782608696,179,2022-02-01
2022-03,532.722,2022-03,18998.629,-0.4216399600944998,0.681887960199005,185,2022-03-01
2022-04,532.975,2022-04,19006.44,0.0411134929788836,0.4779009405940594,183,2022-04-01
2022-05,532.195,2022-05,18963.136,-0.2278385641919289,0.4052554395604396,182,2022-05-01
2022-06,532.656,2022-06,18871.331,-0.4841235120604525,0.38713753488372094,182,2022-06-01
2022-07,534.312,2022-07,19050.186,0.9477603884961994,1.0408052040816327,184,2022-07-01
2022-08,536.212,2022-08,19115.806,0.3444585790395971,0.3789764676616915,179,2022-08-01
2022-09,535.82,2022-09,19158.931,0.2255986485738548,0.37797652849740937,182,2022-09-01
2022-10,535.248,2022-10,19196.543,0.1963157547777649,0.3759117156862745,183,2022-10-01
2022-11,534.424,2022-11,19205.667,0.0475293910992213,0.46110645933014355,184,2022-11-01
2022-12,534.9,2022-12,19259.807,0.2818959633112516,0.3302940314136126,182,2022-12-01
2023-01,546.107,2023-01,19295.401,0.1848097439398177,1.5471754455445543,191,2023-01-01
2023-02,546.312,2023-02,19362.608,0.3483057957696767,0.36191965346534655,183,2023-02-01
2023-03,547.078,2023-03,19448.229,0.4421976626289181,0.6163976886792453,187,2023-03-01
2023-04,548.51,2023-04,19474.528,0.1352256804462603,0.3010922950819672,177,2023-04-01
2023-05,548.929,2023-05,19532.638,0.2983897735544527,0.2937416097560976,177,2023-05-01
2023-06,549.14,2023-06,19553.713,0.1078963322824089,0.30859060606060607,183,2023-06-01
2023-07,549.212,2023-07,19596.868,0.2206997719563563,0.3238512244897959,180,2023-07-01
2023-08,551.344,2023-08,19622.827,0.1324650449245457,0.31405125,182,2023-08-01
2023-09,547.579,2023-09,19628.768,0.0302759638048044,0.43673265625,182,2023-09-01
2023-10,552.058,2023-10,19689.563,0.3097239724877187,0.72450735,180,2023-10-01
2023-11,554.6,2023-11,19785.645,0.4879844209848771,0.48764798206278026,185,2023-11-01
2023-12,552.625,2023-12,19847.006,0.310128883844829,0.28687115789473683,179,2023-12-01
2024-01,548.245,2024-01,19932.436,0.4304427579656211,1.305499268292683,190,2024-01-01
2024-02,547.682,2024-02,19963.623,0.156463565216014,0.27756361904761906,180,2024-02-01
2024-03,549.405,2024-03,19992.037,0.1423288748740647,0.6384237244897959,182,2024-03-01
2024-04,550.678,2024-04,20018.113,0.1304319314735291,1.1242040845070422,197,2024-04-01
2024-05,562.168,2024-05,20111.997,0.4689952544477904,1.696242198275862,204,2024-05-01
2024-06,562.339,2024-06,20158.9,0.2332090642217288,1.960843113207547,205,2024-06-01
2024-07,563.035,2024-07,20164.512,0.0278388205705581,1.772404695652174,204,2024-07-01
2024-08,562.174,2024-08,20189.814,0.125477869238777,1.915570460829493,204,2024-08-01
2024-09,559.487,2024-09,20216.213,0.1307540525138151,1.9051825570776255,205,2024-09-01
2024-10,560.836,2024-10,20263.282,0.232827978217287,1.9094600456621007,204,2024-10-01
2024-11,558.497,2024-11,20316.65,0.2633729323808564,1.8228472641509434,203,2024-11-01
2024-12,558.744,2024-12,20338.298,0.1065529996332914,1.7678466063348417,204,2024-12-01
2025-01,572.655,2025-01,20388.396,0.2463234632514632,2.2797339047619047,206,2025-01-01
2025-02,572.748,2025-02,20413.875,0.1249681436440663,1.069007990430622,196,2025-02-01
2025-03,561.202,2025-03,20547.128,0.6527570096319213,0.9098584313725491,195,2025-03-01
2025-04,563.253,2025-04,20658.839,0.5436818225885265,0.8236752709359607,194,2025-04-01
2025-05,566.716,2025-05,20514.16,-0.7003249311347992,1.712881359223301,202,2025-05-01
2025-06,569.098,2025-06,20494.762,-0.0945590752923886,1.9763123076923075,203,2025-06-01
2025-07,567.975,2025-07,20596.762,0.4976881409991529,1.9449652173913043,203,2025-07-01
2025-08,567.117,2025-08,20643.762,0.2281912079189929,1.841542027027027,202,2025-08-01
2025-09,569.046,2025-09,20670.742,0.1306932331422983,1.9124795348837211,202,2025-09-01
2025-11,568.885,2025-11,20683.802,0.1427595084727118,1.4985856730769231,200,2025-11-01
2025-12,569.656,2025-12,20670.273,-0.065408670997713,1.5543355299539172,199,2025-12-01
